date,close
2021-03-28,27.7689
2021-03-29,28.092
2021-03-30,27.5449
2021-03-31,30.8221
2021-04-01,31.0544
2021-04-02,31.0714
2021-04-03,31.1024
2021-04-04,31.574
2021-04-05,32.8166
2021-04-06,31.2235
2021-04-07,32.5454
2021-04-08,31.8775
2021-04-09,32.1037
2021-04-10,33.672
2021-04-11,32.2169
2021-04-12,34.325
2021-04-13,36.5181
2021-04-14,44.0141
2021-04-15,41.1949
2021-04-16,40.485
2021-04-17,37.5614
2021-04-18,35.2446
2021-04-19,36.6223
2021-04-20,38.6289
2021-04-21,40.4976
2021-04-22,33.9748
2021-04-23,32.4226
2021-04-24,33.1732
2021-04-25,34.6745
2021-04-26,36.7572
2021-04-27,35.6199
2021-04-28,36.6529
2021-04-29,38.1662
2021-04-30,39.1407
2021-05-01,39.3325
2021-05-02,40.3637
2021-05-03,42.445
2021-05-04,47.0832
2021-05-05,47.7112
2021-05-06,48.9415
2021-05-07,46.9491
2021-05-08,51.8167
2021-05-09,50.5407
2021-05-10,47.1768
2021-05-11,46.5281
2021-05-12,43.2906
2021-05-13,47.1092
2021-05-14,43.9137
2021-05-15,41.4794
2021-05-16,36.732
2021-05-17,39.7083
2021-05-18,30.0049
2021-05-19,31.7106
2021-05-20,25.2332
2021-05-21,24.8066
2021-05-22,17.5043
2021-05-23,24.7449
2021-05-24,26.1313
2021-05-25,29.9802
2021-05-26,33.7722
2021-05-27,29.9865
2021-05-28,25.3968
2021-05-29,27.433
2021-05-30,30.1751
2021-05-31,29.8985
2021-06-01,31.8963
2021-06-02,31.7995
2021-06-03,28.7452
2021-06-04,27.5633
2021-06-05,27.5771
2021-06-06,27.8195
2021-06-07,22.3753
2021-06-08,25.1845
2021-06-09,23.7229
2021-06-10,22.5486
2021-06-11,21.5789
2021-06-12,20.7182
2021-06-13,24.788
2021-06-14,24.9672
2021-06-15,23.3405
2021-06-16,24.0213
2021-06-17,21.1817
2021-06-18,21.6162
2021-06-19,20.1075
2021-06-20,18.7806
2021-06-21,17.0292
2021-06-22,18.1691
2021-06-23,18.9784
2021-06-24,17.615
2021-06-25,16.3779
2021-06-26,17.0822
2021-06-27,19.2772
2021-06-28,20.2893
2021-06-29,18.2804
2021-06-30,18.0339
2021-07-01,18.0023
2021-07-02,18.6919
2021-07-03,19.1562
2021-07-04,18.0624
2021-07-05,19.7307
2021-07-06,20.4509
2021-07-07,18.9605
2021-07-08,18.6283
2021-07-09,18.1585
2021-07-10,18.4444
2021-07-11,17.8462
2021-07-12,17.3427
2021-07-13,17.1131
2021-07-14,15.9253
2021-07-15,15.9043
2021-07-16,15.3514
2021-07-17,15.2198
2021-07-18,14.5977
2021-07-19,14.0905
2021-07-20,15.3545
2021-07-21,15.9043
2021-07-22,15.6172
2021-07-23,16.5999
2021-07-24,16.4325
2021-07-25,19.4525
2021-07-26,19.1742
2021-07-27,19.1261
2021-07-28,19.0373
2021-07-29,20.4713
2021-07-30,21.9426
2021-07-31,22.8676
2021-08-01,23.0387
2021-08-02,23.3371
2021-08-03,24.6701
2021-08-04,23.604
2021-08-05,23.6147
2021-08-06,24.4339
2021-08-07,23.7999
2021-08-08,24.6189
2021-08-09,24.5339
2021-08-10,26.501
2021-08-11,24.4703
2021-08-12,26.2113
2021-08-13,27.369
2021-08-14,26.2748
2021-08-15,29.4801
2021-08-16,28.2497
2021-08-17,26.8429
2021-08-18,26.2736
2021-08-19,28.4241
2021-08-20,28.4648
2021-08-21,27.3699
2021-08-22,28.7172
2021-08-23,26.6503
2021-08-24,26.7313
2021-08-25,24.5004
2021-08-26,25.7709
2021-08-27,25.6561
2021-08-28,25.3848
2021-08-29,24.9805
2021-08-30,27.2137
2021-08-31,29.0994
2021-09-01,29.7069
2021-09-02,31.0476
2021-09-03,30.5438
2021-09-04,31.4416
2021-09-05,35.5935
2021-09-06,28.2288
2021-09-07,27.0616
2021-09-08,29.1874
2021-09-09,26.757
2021-09-10,27.2524
2021-09-11,29.3788
2021-09-12,26.3378
2021-09-13,29.0709
2021-09-14,31.1929
2021-09-15,30.5227
2021-09-16,28.3663
2021-09-17,28.6935
2021-09-18,28.0119
2021-09-19,24.4979
2021-09-20,23.7608
2021-09-21,23.7764
2021-09-22,24.1586
2021-09-23,22.4973
2021-09-24,22.8806
2021-09-25,25.1285
2021-09-26,23.9093
2021-09-27,22.6621
2021-09-28,23.1974
2021-09-29,23.7
2021-09-30,26.0578
2021-10-01,27.2485
2021-10-02,26.9686
2021-10-03,26.2079
2021-10-04,26.4904
2021-10-05,27.7107
2021-10-06,27.1359
2021-10-07,26.986
2021-10-08,27.1977
2021-10-09,26.8202
2021-10-10,26.0462
2021-10-11,24.7302
2021-10-12,24.6947
2021-10-13,27.5631
2021-10-14,26.3058
2021-10-15,28.3051
2021-10-16,26.5855
2021-10-17,25.78
2021-10-18,25.3938
2021-10-19,27.1462
2021-10-20,28.7173
2021-10-21,28.627
2021-10-22,31.284
2021-10-23,29.3548
2021-10-24,32.5874
2021-10-25,32.008
2021-10-26,29.4067
2021-10-27,30.1529
2021-10-28,31.5017
2021-10-29,30.0211
2021-10-30,29.2669
2021-10-31,31.4665
2021-11-01,32.3398
2021-11-02,31.3604
2021-11-03,30.4021
2021-11-04,32.7986
2021-11-05,31.3597
2021-11-06,32.161
2021-11-07,34.3502
2021-11-08,34.0484
2021-11-09,38.0916
2021-11-10,35.4694
2021-11-11,33.3984
2021-11-12,33.9255
2021-11-13,33.1881
2021-11-14,33.1471
2021-11-15,29.737
2021-11-16,28.9963
2021-11-17,27.1485
2021-11-18,28.4855
2021-11-19,27.6337
2021-11-20,28.0209
2021-11-21,27.5343
2021-11-22,27.2077
2021-11-23,25.77
2021-11-24,27.3262
2021-11-25,23.7084
2021-11-26,24.4404
2021-11-27,23.5953
2021-11-28,24.8645
2021-11-29,25.9004
2021-11-30,26.4946
2021-12-01,24.7455
2021-12-02,24.8767
2021-12-03,20.0032
2021-12-04,18.8214
2021-12-05,18.519
2021-12-06,20.5634
2021-12-07,22.8467
2021-12-08,21.0301
2021-12-09,19.5309
2021-12-10,20.0384
2021-12-11,19.5477
2021-12-12,18.0137
2021-12-13,17.9739
2021-12-14,17.2769
2021-12-15,19.8277
2021-12-16,18.4322
2021-12-17,19.5838
2021-12-18,19.6359
2021-12-19,18.4449
2021-12-20,18.963
2021-12-21,20.487
2021-12-22,21.0663
2021-12-23,21.8501
2021-12-24,21.8471
2021-12-25,22.3952
2021-12-26,24.2129
2021-12-27,22.0831
2021-12-28,20.7125
2021-12-29,19.9976
2021-12-30,20.3944
2021-12-31,20.0407
2022-01-01,21.4232
2022-01-02,22.6641
2022-01-03,23.7233
2022-01-04,27.1016
2022-01-05,24.0643
2022-01-06,25.1765
2022-01-07,25.0892
2022-01-08,27.1517
2022-01-09,26.4811
2022-01-10,26.2315
2022-01-11,26.4827
2022-01-12,25.4841
2022-01-13,24.7863
2022-01-14,25.7319
2022-01-15,25.919
2022-01-16,24.2191
2022-01-17,22.4985
2022-01-18,21.9679
2022-01-19,22.7012
2022-01-20,19.5364
2022-01-21,15.3012
2022-01-22,15.7213
2022-01-23,14.5493
2022-01-24,15.2984
2022-01-25,16.1184
2022-01-26,15.3447
2022-01-27,15.5477
2022-01-28,16.2051
2022-01-29,17.2691
2022-01-30,17.5081
2022-01-31,17.1764
2022-02-01,16.3428
2022-02-02,15.9468
2022-02-03,16.7268
2022-02-04,18.0297
2022-02-05,17.4632
2022-02-06,19.0492
2022-02-07,17.9924
2022-02-08,18.4806
2022-02-09,18.173
2022-02-10,17.7005
2022-02-11,15.8566
2022-02-12,16.0596
2022-02-13,15.7948
2022-02-14,16.9471
2022-02-15,16.6617
2022-02-16,16.1531
2022-02-17,15.2151
2022-02-18,15.352
2022-02-19,14.6782
2022-02-20,14.738
2022-02-21,13.9731
2022-02-22,14.1841
2022-02-23,12.3177
2022-02-24,14.0589
2022-02-25,14.649
2022-02-26,14.5756
2022-02-27,14.6639
2022-02-28,15.3781
2022-03-01,15.4357
2022-03-02,14.6896
2022-03-03,14.1274
2022-03-04,14.0255
2022-03-05,13.6651
2022-03-06,13.5527
2022-03-07,13.1752
2022-03-08,14.3141
2022-03-09,13.2684
2022-03-10,13.2024
2022-03-11,13.2008
2022-03-12,13.1713
2022-03-13,13.1134
2022-03-14,13.2596
2022-03-15,14.1381
2022-03-16,14.5341
2022-03-17,15.073
2022-03-18,15.3483
2022-03-19,14.6721
2022-03-20,15.0574
2022-03-21,15.5197
2022-03-22,15.7993
2022-03-23,16.3558
2022-03-24,15.9032
2022-03-25,15.5966
2022-03-26,16.0681
2022-03-27,16.9874
2022-03-28,16.994
2022-03-29,17.2815
2022-03-30,17.1762
2022-03-31,17.2906
2022-04-01,17.3218
2022-04-02,17.8939
2022-04-03,17.0162
2022-04-04,17.1243
2022-04-05,15.7432
2022-04-06,15.4918
2022-04-07,15.6557
2022-04-08,15.1919
2022-04-09,15.4732
2022-04-10,13.9576
2022-04-11,14.0258
2022-04-12,14.091
2022-04-13,13.507
2022-04-14,13.9057
2022-04-15,13.8705
2022-04-16,14.4749
2022-04-17,13.3195
2022-04-18,14.2903
2022-04-19,13.9087
2022-04-20,14.0995
2022-04-21,13.527
2022-04-22,13.5492
2022-04-23,13.4603
2022-04-24,12.9892
2022-04-25,12.6658
2022-04-26,12.6188
2022-04-27,12.5203
2022-04-28,12.302
2022-04-29,11.7951
2022-04-30,11.3161
2022-05-01,11.181
2022-05-02,11.2417
2022-05-03,11.2244
2022-05-04,10.9044
2022-05-05,10.7068
2022-05-06,10.7292
2022-05-07,10.0908
2022-05-08,9.1137
2022-05-09,8.9087
2022-05-10,7.6656
2022-05-11,6.5413
2022-05-12,7.2906
2022-05-13,6.6696
2022-05-14,7.5312
2022-05-15,7.347
2022-05-16,7.6089
2022-05-17,6.9623
2022-05-18,7.2106
2022-05-19,6.85
2022-05-20,7.0654
2022-05-21,7.2418
2022-05-22,7.5736
2022-05-23,7.0749
2022-05-24,7.0635
2022-05-25,6.7115
2022-05-26,6.4845
2022-05-27,6.5437
2022-05-28,6.6519
2022-05-29,7.1915
2022-05-30,7.5933
2022-05-31,7.1964
2022-06-01,7.0216
2022-06-02,6.8322
2022-06-03,6.9867
2022-06-04,7.5592
2022-06-05,7.9072
2022-06-06,7.7745
2022-06-07,8.5626
2022-06-08,9.4459
2022-06-09,8.6183
2022-06-10,7.1567
2022-06-11,7.0144
2022-06-12,5.7329
2022-06-13,6.4067
2022-06-14,6.4548
2022-06-15,6.5804
2022-06-16,6.4322
2022-06-17,5.7447
2022-06-18,6.4306
2022-06-19,7.1175
2022-06-20,7.3354
2022-06-21,6.72
2022-06-22,6.7599
2022-06-23,7.07
2022-06-24,6.8336
2022-06-25,7.0665
2022-06-26,6.595
2022-06-27,6.5286
2022-06-28,6.3518
2022-06-29,6.0918
2022-06-30,6.0115
2022-07-01,6.1195
2022-07-02,6.0722
2022-07-03,6.2671
2022-07-04,6.141
2022-07-05,6.231
2022-07-06,6.5979
2022-07-07,6.4141
2022-07-08,6.4391
2022-07-09,6.1577
2022-07-10,6.3012
2022-07-11,6.1765
2022-07-12,5.9306
2022-07-13,6.2207
2022-07-14,6.2273
2022-07-15,6.3257
2022-07-16,6.4436
2022-07-17,7.1219
2022-07-18,7.1523
2022-07-19,7.3339
2022-07-20,6.8414
2022-07-21,6.9605
2022-07-22,6.7419
2022-07-23,7.1061
2022-07-24,6.7703
2022-07-25,6.1557
2022-07-26,6.34
2022-07-27,7.0639
2022-07-28,7.9167
2022-07-29,8.188
2022-07-30,7.8426
2022-07-31,7.6717
2022-08-01,7.297
2022-08-02,7.5138
2022-08-03,7.3537
2022-08-04,7.7188
2022-08-05,7.8797
2022-08-06,7.8394
2022-08-07,8.6696
2022-08-08,8.5903
2022-08-09,9.2094
2022-08-10,8.8691
2022-08-11,9.2879
2022-08-12,9.1761
2022-08-13,8.9908
2022-08-14,8.7797
2022-08-15,8.5243
2022-08-16,8.0943
2022-08-17,8.1278
2022-08-18,7.1201
2022-08-19,7.0198
2022-08-20,7.0467
2022-08-21,6.8907
2022-08-22,7.2357
2022-08-23,7.2922
2022-08-24,7.0869
2022-08-25,6.7635
2022-08-26,6.5053
2022-08-27,6.5751
2022-08-28,6.5608
2022-08-29,6.5152
2022-08-30,6.6927
2022-08-31,6.5411
2022-09-01,7.1853
2022-09-02,6.8124
2022-09-03,7.1946
2022-09-04,7.2913
2022-09-05,7.1919
2022-09-06,6.7848
2022-09-07,7.3613
2022-09-08,7.8289
2022-09-09,7.7374
2022-09-10,7.8621
2022-09-11,7.7215
2022-09-12,7.1927
2022-09-13,7.434
2022-09-14,7.1783
2022-09-15,7.7234
2022-09-16,7.9088
2022-09-17,7.8776
2022-09-18,7.272
2022-09-19,7.2062
2022-09-20,6.956
2022-09-21,6.9486
2022-09-22,7.103
2022-09-23,7.679
2022-09-24,7.9067
2022-09-25,7.8698
2022-09-26,8.132
2022-09-27,8.206
2022-09-28,7.7695
2022-09-29,7.6896
2022-09-30,7.5539
2022-10-01,7.3005
2022-10-02,7.2342
2022-10-03,7.7306
2022-10-04,7.8151
2022-10-05,7.7488
2022-10-06,7.5493
2022-10-07,7.4914
2022-10-08,7.5346
2022-10-09,7.5066
2022-10-10,7.2952
2022-10-11,7.1782
2022-10-12,6.8359
2022-10-13,7.0382
2022-10-14,6.9324
2022-10-15,7.0906
2022-10-16,7.2559
2022-10-17,7.1139
2022-10-18,7.0038
2022-10-19,6.8653
2022-10-20,6.7338
2022-10-21,6.8748
2022-10-22,6.8253
2022-10-23,6.8909
2022-10-24,7.0134
2022-10-25,7.2125
2022-10-26,7.0708
2022-10-27,7.0453
2022-10-28,7.1818
2022-10-29,7.5426
2022-10-30,8.0089
2022-10-31,7.7381
2022-11-01,7.6877
2022-11-02,7.8422
2022-11-03,8.2351
2022-11-04,8.8425
2022-11-05,8.5511
2022-11-06,8.5418
2022-11-07,8.5624
2022-11-08,6.4611
2022-11-09,7.3052
2022-11-10,6.7901
2022-11-11,6.4135
2022-11-12,6.1899
2022-11-13,6.2066
2022-11-14,6.5743
2022-11-15,6.1403
2022-11-16,6.1464
2022-11-17,6.1523
2022-11-18,6.1501
2022-11-19,6.0097
2022-11-20,5.8063
2022-11-21,6.3972
2022-11-22,6.4333
2022-11-23,6.8623
2022-11-24,6.7653
2022-11-25,7.1756
2022-11-26,7.0993
2022-11-27,6.7146
2022-11-28,7.3164
2022-11-29,7.4566
2022-11-30,7.7049
2022-12-01,7.5652
2022-12-02,7.4137
2022-12-03,7.3521
2022-12-04,7.3454
2022-12-05,7.2499
2022-12-06,6.848
2022-12-07,6.9229
2022-12-08,6.9474
2022-12-09,6.9004
2022-12-10,6.8731
2022-12-11,6.5909
2022-12-12,6.9193
2022-12-13,6.8785
2022-12-14,6.5707
2022-12-15,6.1599
2022-12-16,6.0224
2022-12-17,5.9463
2022-12-18,5.9721
2022-12-19,6.0424
2022-12-20,5.9496
2022-12-21,5.8934
2022-12-22,5.993
2022-12-23,5.9131
2022-12-24,5.9329
2022-12-25,5.9712
2022-12-26,5.9255
2022-12-27,5.7226
2022-12-28,5.6851
2022-12-29,5.4929
2022-12-30,5.5892
2022-12-31,5.5978
2023-01-01,5.7027
2023-01-02,5.6323
2023-01-03,5.8123
2023-01-04,5.7183
2023-01-05,5.655
2023-01-06,5.8182
2023-01-07,5.8513
2023-01-08,6.1995
2023-01-09,6.1394
2023-01-10,6.042
2023-01-11,6.2027
2023-01-12,6.3516
2023-01-13,6.8007
2023-01-14,6.8858
2023-01-15,6.5652
2023-01-16,6.7207
2023-01-17,6.5432
2023-01-18,6.403
2023-01-19,6.5266
2023-01-20,6.9071
2023-01-21,7.0352
2023-01-22,7.0236
2023-01-23,7.0482
2023-01-24,6.6916
2023-01-25,6.9582
2023-01-26,7.2027
2023-01-27,7.243
2023-01-28,7.3658
2023-01-29,7.0223
2023-01-30,6.9903
2023-01-31,6.7626
2023-02-01,7.2884
2023-02-02,7.2869
2023-02-03,7.2658
2023-02-04,7.0013
2023-02-05,7.0324
2023-02-06,6.9717
2023-02-07,7.0939
2023-02-08,7.6023
2023-02-09,6.8843
2023-02-10,6.9741
2023-02-11,6.9808
2023-02-12,6.5679
2023-02-13,6.7451
2023-02-14,6.9147
2023-02-15,7.3847
2023-02-16,7.3306
2023-02-17,8.1832
2023-02-18,8.1441
2023-02-19,8.1271
2023-02-20,7.7434
2023-02-21,7.3651
2023-02-22,7.969
2023-02-23,7.5935
2023-02-24,7.3471
2023-02-25,7.3805
2023-02-26,7.3682
2023-02-27,7.4076
2023-02-28,7.4366
2023-03-01,7.2266
2023-03-02,6.8981
2023-03-03,6.9263
2023-03-04,6.9525
2023-03-05,6.9622
2023-03-06,6.8094
2023-03-07,6.719
2023-03-08,6.5976
2023-03-09,6.2165
2023-03-10,5.9588
2023-03-11,6.0981
2023-03-12,6.7557
2023-03-13,7.1441
2023-03-14,6.5847
2023-03-15,6.6256
2023-03-16,6.9938
2023-03-17,7.0243
2023-03-18,7.1503
2023-03-19,7.3548
2023-03-20,7.2737
2023-03-21,7.5967
2023-03-22,7.5767
2023-03-23,7.3303
2023-03-24,7.1357
2023-03-25,7.1912
2023-03-26,6.8823
2023-03-27,6.8627
2023-03-28,7.3689
2023-03-29,7.2664
2023-03-30,7.5774
2023-03-31,7.4914
2023-04-01,7.3249
2023-04-02,7.2768
2023-04-03,7.3666
2023-04-04,7.302
2023-04-05,7.2714
2023-04-06,7.2283
2023-04-07,7.2192
2023-04-08,7.1075
2023-04-09,7.2098
2023-04-10,7.3845
2023-04-11,7.2884
2023-04-12,7.4062
2023-04-13,7.5479
2023-04-14,7.9646
2023-04-15,7.9575
2023-04-16,8.0557
2023-04-17,8.7238
2023-04-18,8.0287
2023-04-19,7.7333
2023-04-20,7.3827
2023-04-21,7.1662
2023-04-22,6.9917
2023-04-23,7.0907
2023-04-24,7.0153
2023-04-25,7.4421
2023-04-26,7.124
2023-04-27,7.0271
2023-04-28,7.1887
2023-04-29,7.2432
2023-04-30,6.91
2023-05-01,6.9114
2023-05-02,6.8711
2023-05-03,7.0254
2023-05-04,7.1413
2023-05-05,6.906
2023-05-06,6.9394
2023-05-07,6.7218
2023-05-08,6.48
2023-05-09,6.6118
2023-05-10,6.3761
2023-05-11,6.3997
2023-05-12,6.5354
2023-05-13,6.5924
2023-05-14,6.6585
2023-05-15,6.6497
2023-05-16,6.6013
2023-05-17,6.6414
2023-05-18,6.5151
2023-05-19,6.4979
2023-05-20,6.4203
2023-05-21,6.5093
2023-05-22,6.5514
2023-05-23,6.2737
2023-05-24,6.2471
2023-05-25,6.3557
2023-05-26,6.3995
2023-05-27,6.5092
2023-05-28,6.5537
2023-05-29,6.5829
2023-05-30,6.4468
2023-05-31,6.4005
2023-06-01,6.3913
2023-06-02,6.4388
2023-06-03,6.5048
2023-06-04,6.095
2023-06-05,6.2297
2023-06-06,5.9837
2023-06-07,6.0213
2023-06-08,5.9859
2023-06-09,5.0142
2023-06-10,5.0971
2023-06-11,5.1137
2023-06-12,5.1889
2023-06-13,5.3922
2023-06-14,5.2295
2023-06-15,5.2671
2023-06-16,5.3191
2023-06-17,5.2607
2023-06-18,5.068
2023-06-19,5.0843
2023-06-20,5.4451
2023-06-21,5.5549
2023-06-22,6.0052
2023-06-23,6.0276
2023-06-24,6.1964
2023-06-25,6.2373
2023-06-26,6.1202
2023-06-27,6.0198
2023-06-28,5.9582
2023-06-29,6.0827
2023-06-30,6.3406
2023-07-01,6.4691
2023-07-02,6.6385
2023-07-03,6.4857
2023-07-04,6.2813
2023-07-05,6.2076
2023-07-06,6.2118
2023-07-07,6.1788
2023-07-08,6.1714
2023-07-09,6.1553
2023-07-10,6.1933
2023-07-11,6.2482
2023-07-12,6.6126
2023-07-13,7.1471
2023-07-14,6.9752
2023-07-15,6.8081
2023-07-16,6.6698
2023-07-17,6.9533
2023-07-18,6.9054
2023-07-19,8.0621
2023-07-20,8.1351
2023-07-21,8.0552
2023-07-22,7.9888
2023-07-23,7.6054
2023-07-24,7.428
2023-07-25,7.5954
2023-07-26,7.976
2023-07-27,7.8918
2023-07-28,7.7405
2023-07-29,7.713
2023-07-30,7.5314
2023-07-31,7.4645
2023-08-01,7.493
2023-08-02,7.2214
2023-08-03,7.1717
2023-08-04,7.1641
2023-08-05,7.1137
2023-08-06,7.0703
2023-08-07,7.3655
2023-08-08,7.7163
2023-08-09,7.6672
2023-08-10,7.4927
2023-08-11,7.4351
2023-08-12,7.419
2023-08-13,7.5858
2023-08-14,7.2834
2023-08-15,6.827
2023-08-16,6.5985
2023-08-17,6.1597
2023-08-18,6.2235
2023-08-19,6.1597
2023-08-20,6.1125
2023-08-21,6.1222
2023-08-22,6.366
2023-08-23,6.1205
2023-08-24,5.9535
2023-08-25,5.9962
2023-08-26,6.0147
2023-08-27,5.9948
2023-08-28,6.1869
2023-08-29,5.9444
2023-08-30,5.943
2023-08-31,5.9334
2023-09-01,5.9675
2023-09-02,5.9912
2023-09-03,6.0133
2023-09-04,6.099
2023-09-05,6.1682
2023-09-06,6.2577
2023-09-07,6.2212
2023-09-08,6.1903
2023-09-09,6.0454
2023-09-10,5.8622
2023-09-11,5.9909
2023-09-12,6.0174
2023-09-13,6.0935
2023-09-14,6.2017
2023-09-15,6.2269
2023-09-16,6.1902
2023-09-17,6.7194
2023-09-18,6.8691
2023-09-19,6.9117
2023-09-20,6.7526
2023-09-21,6.7754
2023-09-22,6.9393
2023-09-23,7.1004
2023-09-24,7.3855
2023-09-25,7.3352
2023-09-26,7.5994
2023-09-27,7.8814
2023-09-28,7.8158
2023-09-29,8.2378
2023-09-30,8.0118
2023-10-01,7.6689
2023-10-02,7.4284
2023-10-03,7.6276
2023-10-04,7.5375
2023-10-05,7.6518
2023-10-06,7.5638
2023-10-07,7.6657
2023-10-08,7.3332
2023-10-09,7.2217
2023-10-10,7.3055
2023-10-11,7.2141
2023-10-12,7.1633
2023-10-13,7.3114
2023-10-14,7.313
2023-10-15,7.4372
2023-10-16,7.4064
2023-10-17,7.3936
2023-10-18,7.366
2023-10-19,7.625
2023-10-20,8.9562
2023-10-21,9.2358
2023-10-22,10.0073
2023-10-23,9.8909
2023-10-24,11.3721
2023-10-25,10.5094
2023-10-26,11.0599
2023-10-27,11.1551
2023-10-28,11.0564
2023-10-29,11.3865
2023-10-30,11.1181
2023-10-31,10.8116
2023-11-01,10.89
2023-11-02,11.2859
2023-11-03,11.2226
2023-11-04,11.7571
2023-11-05,12.6393
2023-11-06,12.7018
2023-11-07,13.7237
2023-11-08,15.1195
2023-11-09,15.0717
2023-11-10,16.2707
2023-11-11,15.9344
2023-11-12,15.1451
2023-11-13,14.059
2023-11-14,14.8892
2023-11-15,14.1357
2023-11-16,12.9572
2023-11-17,13.5484
2023-11-18,14.205
2023-11-19,15.111
2023-11-20,14.2233
2023-11-21,14.2294
2023-11-22,14.1326
2023-11-23,14.4982
2023-11-24,14.6617
2023-11-25,14.7838
2023-11-26,14.0974
2023-11-27,14.3775
2023-11-28,14.5848
2023-11-29,14.3669
2023-11-30,14.9087
2023-12-01,15.6504
2023-12-02,15.821
2023-12-03,15.4732
2023-12-04,15.5905
2023-12-05,15.5543
2023-12-06,15.24
2023-12-07,16.6956
2023-12-08,16.6423
2023-12-09,16.1437
2023-12-10,14.7899
2023-12-11,14.634
2023-12-12,14.5637
2023-12-13,14.8742
2023-12-14,14.7707
2023-12-15,14.6525
2023-12-16,14.2391
2023-12-17,13.9887
2023-12-18,14.2329
2023-12-19,14.7
2023-12-20,14.9627
2023-12-21,15.4768
2023-12-22,15.8226
2023-12-23,15.7794
2023-12-24,15.5426
2023-12-25,15.0658
2023-12-26,16.1285
2023-12-27,16.1565
2023-12-28,15.591
2023-12-29,15.3778
2023-12-30,15.2717
2023-12-31,15.3151
2024-01-01,15.433
2024-01-02,14.219
2024-01-03,14.6692
2024-01-04,14.0267
2024-01-05,13.617
2024-01-06,13.478
2024-01-07,13.6042
2024-01-08,13.5651
2024-01-09,14.2553
2024-01-10,15.0361
2024-01-11,14.7829
2024-01-12,14.2429
2024-01-13,15.2149
2024-01-14,15.3178
2024-01-15,15.0645
2024-01-16,16.1097
2024-01-17,15.1686
2024-01-18,15.1581
2024-01-19,15.7372
2024-01-20,15.4987
2024-01-21,15.0874
2024-01-22,14.1307
2024-01-23,14.1524
2024-01-24,13.599
2024-01-25,14.2076
2024-01-26,14.2891
2024-01-27,14.4053
2024-01-28,14.7072
2024-01-29,15.5881
2024-01-30,15.7087
2024-01-31,16.6912
2024-02-01,18.7413
2024-02-02,18.0878
2024-02-03,18.207
2024-02-04,19.2783
2024-02-05,18.6481
2024-02-06,18.415
2024-02-07,18.6624
2024-02-08,18.3685
2024-02-09,18.3633
2024-02-10,20.2878
2024-02-11,20.2732
2024-02-12,19.8774
2024-02-13,20.1043
2024-02-14,19.8742
2024-02-15,19.5025
2024-02-16,19.6064
2024-02-17,19.9093
2024-02-18,19.7879
2024-02-19,18.965
2024-02-20,18.3923
2024-02-21,18.4987
2024-02-22,17.8655
2024-02-23,18.2312
2024-02-24,18.616
2024-02-25,18.8625
2024-02-26,18.8517
2024-02-27,19.7524
2024-02-28,20.1393
2024-02-29,19.6906
2024-03-01,21.1219
2024-03-02,20.5573
2024-03-03,20.4892
2024-03-04,20.4836
2024-03-05,19.3691
2024-03-06,20.0721
2024-03-07,19.6939
2024-03-08,20.1931
2024-03-09,19.5782
2024-03-10,21.1756
2024-03-11,20.5305
2024-03-12,20.393
2024-03-13,20.5631
2024-03-14,19.3979
2024-03-15,19.0179
2024-03-16,18.5313
2024-03-17,18.603
2024-03-18,17.7738
2024-03-19,17.3275
2024-03-20,18.489
2024-03-21,17.7327
2024-03-22,18.3341
2024-03-23,18.2926
2024-03-24,19.3056
2024-03-25,20.1817
2024-03-26,19.1452
2024-03-27,19.3405
2024-03-28,18.9812
2024-03-29,19.1239
2024-03-30,19.0836
2024-03-31,17.9519
2024-04-01,17.6225
2024-04-02,17.888
2024-04-03,18.0236
2024-04-04,17.4906
2024-04-05,17.5186
2024-04-06,17.6814
2024-04-07,18.2899
2024-04-08,17.5187
2024-04-09,17.1554
2024-04-10,17.2421
2024-04-11,17.0978
2024-04-12,14.8828
2024-04-13,13.5779
2024-04-14,14.1178
2024-04-15,12.94
2024-04-16,12.8805
2024-04-17,13.5951
2024-04-18,13.9942
2024-04-19,14.603
2024-04-20,14.8228
2024-04-21,15.3423
2024-04-22,15.2425
2024-04-23,14.7207
2024-04-24,14.7326
2024-04-25,14.6745
2024-04-26,13.9612
2024-04-27,14.1126
2024-04-28,13.9813
2024-04-29,13.0897
2024-04-30,12.786
2024-05-01,13.6237
2024-05-02,13.9444
2024-05-03,14.2679
2024-05-04,14.5113
2024-05-05,14.6859
2024-05-06,14.4978
2024-05-07,14.0044
2024-05-08,14.0551
2024-05-09,13.8266
2024-05-10,13.4955
2024-05-11,13.5309
2024-05-12,13.501
2024-05-13,13.2713
2024-05-14,13.6119
2024-05-15,13.7693
2024-05-16,16.0938
2024-05-17,16.4586
2024-05-18,16.9759
2024-05-19,16.4888
2024-05-20,16.6124
2024-05-21,16.552
2024-05-22,16.1159
2024-05-23,17.2087
2024-05-24,17.1809
2024-05-25,17.1391
2024-05-26,18.0123
2024-05-27,18.1745
2024-05-28,18.8868
2024-05-29,18.2941
2024-05-30,17.5672
2024-05-31,18.5984
2024-06-01,18.3445
2024-06-02,17.9515
2024-06-03,17.7863
2024-06-04,17.7395
2024-06-05,17.4623
2024-06-06,17.5903
2024-06-07,15.925
2024-06-08,16.0025
2024-06-09,16.168
2024-06-10,14.8818
2024-06-11,16.0714
2024-06-12,15.1053
2024-06-13,15.1946
2024-06-14,14.9891
2024-06-15,15.1496
2024-06-16,14.2874
2024-06-17,13.5727
2024-06-18,14.1931
2024-06-19,14.3417
2024-06-20,14.3144
2024-06-21,13.7457
2024-06-22,13.4589
2024-06-23,13.1884
2024-06-24,14.0936
2024-06-25,13.9484
2024-06-26,14.0886
2024-06-27,14.3693
2024-06-28,13.683
2024-06-29,13.6976
2024-06-30,14.3885
2024-07-01,14.493
2024-07-02,14.3847
2024-07-03,13.0749
2024-07-04,12.3162
2024-07-05,12.6896
2024-07-06,12.5315
2024-07-07,12.8261
2024-07-08,12.8786
2024-07-09,12.9033
2024-07-10,12.7189
2024-07-11,12.6736
2024-07-12,13.0456
2024-07-13,13.2673
2024-07-14,13.875
2024-07-15,14.4329
2024-07-16,14.1332
2024-07-17,13.5348
2024-07-18,13.8802
2024-07-19,14.0897
2024-07-20,14.4512
2024-07-21,14.1532
2024-07-22,13.8113
2024-07-23,13.7365
2024-07-24,12.8425
2024-07-25,13.5096
2024-07-26,13.6269
2024-07-27,13.4266
2024-07-28,13.5593
2024-07-29,13.541
2024-07-30,13.0749
2024-07-31,12.518
2024-08-01,12.1024
2024-08-02,11.8159
2024-08-03,11.03
2024-08-04,9.44
2024-08-05,10.3731
2024-08-06,9.8186
2024-08-07,10.1978
2024-08-08,10.1804
2024-08-09,10.5744
2024-08-10,10.4015
2024-08-11,10.5894
2024-08-12,10.302
2024-08-13,10.4677
2024-08-14,10.6333
2024-08-15,10.0292
2024-08-16,10.0964
2024-08-17,10.3841
2024-08-18,10.035
2024-08-19,10.1206
2024-08-20,10.4119
2024-08-21,11.4621
2024-08-22,11.6783
2024-08-23,12.2286
2024-08-24,12.2043
2024-08-25,12.1984
2024-08-26,11.5255
2024-08-27,11.3085
2024-08-28,11.3546
2024-08-29,10.5483
2024-08-30,11.0909
2024-08-31,10.7069
2024-09-01,10.6525
2024-09-02,10.2973
2024-09-03,10.3893
2024-09-04,10.0048
2024-09-05,9.6884
2024-09-06,10.1264
2024-09-07,10.1777
2024-09-08,10.39
2024-09-09,10.464
2024-09-10,10.3461
2024-09-11,10.5449
2024-09-12,11.292
2024-09-13,11.3688
2024-09-14,11.2239
2024-09-15,10.5591
2024-09-16,10.8496
2024-09-17,10.3281
2024-09-18,11.2226
2024-09-19,11.5348
2024-09-20,11.388
2024-09-21,11.0427
2024-09-22,11.5055
2024-09-23,11.5145
2024-09-24,12.3669
2024-09-25,12.5924
2024-09-26,12.7125
2024-09-27,12.8342
2024-09-28,12.596
2024-09-29,11.9363
2024-09-30,11.4392
2024-10-01,10.9298
2024-10-02,10.5356
2024-10-03,11.1628
2024-10-04,11.3544
2024-10-05,11.3004
2024-10-06,11.5202
2024-10-07,10.9392
2024-10-08,10.715
2024-10-09,10.6299
2024-10-10,10.8582
2024-10-11,11.0868
2024-10-12,10.6894
2024-10-13,11.2604
2024-10-14,11.1389
2024-10-15,11.1608
2024-10-16,11.1097
2024-10-17,11.4569
2024-10-18,11.3833
2024-10-19,11.8855
2024-10-20,11.6688
2024-10-21,12.1372
2024-10-22,11.3243
2024-10-23,11.4356
2024-10-24,11.825
2024-10-25,10.8584
2024-10-26,11.1083
2024-10-27,10.8205
2024-10-28,11.5407
2024-10-29,12.2147
2024-10-30,11.7846
2024-10-31,11.3277
2024-11-01,11.1817
2024-11-02,10.7093
2024-11-03,10.3963
2024-11-04,10.7754
2024-11-05,11.8067
2024-11-06,12.4454
2024-11-07,13.2717
2024-11-08,13.5204
2024-11-09,14.5834
2024-11-10,14.3045
2024-11-11,13.916
2024-11-12,14.2162
2024-11-13,12.9595
2024-11-14,13.193
2024-11-15,14.1597
2024-11-16,13.9261
2024-11-17,15.1413
2024-11-18,14.7549
2024-11-19,14.9983
2024-11-20,14.8114
2024-11-21,15.407
2024-11-22,17.9147
2024-11-23,16.3414
2024-11-24,18.4989
2024-11-25,16.9227
2024-11-26,18.0628
2024-11-27,17.5036
2024-11-28,18.0388
2024-11-29,18.8775
2024-11-30,18.8246
2024-12-01,21.7785
2024-12-02,23.9862
2024-12-03,25.3399
2024-12-04,24.2795
2024-12-05,23.7535
2024-12-06,24.974
2024-12-07,26.2339
2024-12-08,24.3947
2024-12-09,21.3143
2024-12-10,23.9002
2024-12-11,28.2152
2024-12-12,27.6286
2024-12-13,30.3619
2024-12-14,29.1271
2024-12-15,30.2761
2024-12-16,27.6271
2024-12-17,27.0948
2024-12-18,24.1804
2024-12-19,22.7088
2024-12-20,22.8855
2024-12-21,21.808
2024-12-22,22.1526
2024-12-23,24.6506
2024-12-24,24.6844
2024-12-25,22.7599
2024-12-26,22.3085
2024-12-27,21.4845
2024-12-28,21.4479
2024-12-29,20.3142
2024-12-30,20.8165
2024-12-31,20.5685
2025-01-01,22.2074
2025-01-02,23.4596
2025-01-03,23.1651
2025-01-04,23.29
2025-01-05,24.3863
2025-01-06,22.0557
2025-01-07,20.6727
2025-01-08,20.2133
2025-01-09,19.9817
2025-01-10,19.9837
2025-01-11,20.1578
2025-01-12,18.9311
2025-01-13,20.15
2025-01-14,21.5969
2025-01-15,23.3027
2025-01-16,24.4277
2025-01-17,24.0679
2025-01-18,25.4142
2025-01-19,25.8668
2025-01-20,25.8492
2025-01-21,25.4137
2025-01-22,25.4708
2025-01-23,26.1476
2025-01-24,25.1496
2025-01-25,25.447
2025-01-26,23.6877
2025-01-27,23.9299
2025-01-28,22.7629
2025-01-29,24.8484
2025-01-30,25.9032
2025-01-31,24.4719
2025-02-01,22.192
2025-02-02,20.4238
2025-02-03,20.5337
2025-02-04,19.6491
2025-02-05,18.7069
2025-02-06,19.3732
2025-02-07,18.0662
2025-02-08,18.7272
2025-02-09,18.5845
2025-02-10,19.0979
2025-02-11,18.1199
2025-02-12,18.4971
2025-02-13,19.5012
2025-02-14,18.9526
2025-02-15,18.9004
2025-02-16,19.2425
2025-02-17,17.69
2025-02-18,17.8088
2025-02-19,17.8887
2025-02-20,18.3865
2025-02-21,17.7845
2025-02-22,17.4686
2025-02-23,16.2158
2025-02-24,14.748
2025-02-25,15.5353
2025-02-26,15.3875
2025-02-27,14.6149
2025-02-28,14.4845
2025-03-01,15.2726
2025-03-02,16.2576
2025-03-03,13.8314
2025-03-04,15.6898
2025-03-05,17.2455
2025-03-06,16.9213
2025-03-07,15.3106
2025-03-08,14.3127
2025-03-09,13.4884
2025-03-10,12.9904
2025-03-11,13.0746
2025-03-12,13.0268
2025-03-13,14.3692
2025-03-14,14.0468
2025-03-15,13.4813
2025-03-16,13.7619
2025-03-17,13.5972
2025-03-18,14.6155
2025-03-19,14.3502
2025-03-20,13.8761
2025-03-21,14.24
2025-03-22,14.4341
2025-03-23,15.2078
2025-03-24,15.3279
2025-03-25,15.2981
2025-03-26,15.5619
2025-03-27,14.1644
2025-03-28,13.6365
2025-03-29,13.6056
2025-03-30,13.5566
2025-03-31,14.3107
2025-04-01,14.0584
2025-04-02,12.5666
2025-04-03,12.7395
2025-04-04,12.6318
2025-04-05,12.3266
2025-04-06,11.2929
2025-04-07,11.4296
2025-04-08,11.373
2025-04-09,11.832
2025-04-10,12.5527
2025-04-11,13.1181
2025-04-12,12.6822
2025-04-13,12.7174
2025-04-14,12.3753
2025-04-15,12.3215
2025-04-16,12.4415
2025-04-17,12.5155
2025-04-18,12.7539
2025-04-19,13.1057
2025-04-20,13.3572
2025-04-21,13.8543
2025-04-22,14.8458
2025-04-23,14.8739
2025-04-24,15.1953
2025-04-25,14.9205
2025-04-26,14.4788
2025-04-27,14.5483
2025-04-28,14.9059
2025-04-29,14.1304
2025-04-30,14.8586
2025-05-01,14.78
2025-05-02,14.4213
2025-05-03,14.107
2025-05-04,13.5677
2025-05-05,13.3806
2025-05-06,13.5988
2025-05-07,15.2276
2025-05-08,15.9638
2025-05-09,16.4231
2025-05-10,16.6211
2025-05-11,16.8362
2025-05-12,16.8695
2025-05-13,17.0091
2025-05-14,16.4492
2025-05-15,16.2571
2025-05-16,15.3158
2025-05-17,16.3401
2025-05-18,15.4703
2025-05-19,15.5413
2025-05-20,16.112
2025-05-21,16.8022
2025-05-22,16.2008
2025-05-23,15.6411
2025-05-24,15.0284
2025-05-25,15.7576
2025-05-26,15.9946
2025-05-27,15.4487
2025-05-28,15.3545
2025-05-29,14.2493
2025-05-30,13.8768
2025-05-31,13.9408
2025-06-01,13.7129
2025-06-02,14.3329
2025-06-03,14.176
2025-06-04,13.7126
2025-06-05,13.5362
2025-06-06,13.9345
2025-06-07,13.7538
2025-06-08,13.9356
2025-06-09,15.1084
2025-06-10,15.6087
2025-06-11,14.2511
2025-06-12,13.408
2025-06-13,12.9874
2025-06-14,13.1726
2025-06-15,13.7928
2025-06-16,13.0526
2025-06-17,12.8974
2025-06-18,12.9493
2025-06-19,12.906
2025-06-20,12.4923
2025-06-21,11.4395
2025-06-22,11.7625
2025-06-23,13.3535
2025-06-24,13.0581
2025-06-25,13.1098
2025-06-26,13.0413
2025-06-27,13.2773
2025-06-28,13.2804
2025-06-29,13.3708
2025-06-30,13.009
2025-07-01,13.362
2025-07-02,13.6118
2025-07-03,13.0733
2025-07-04,13.1317
2025-07-05,13.4362
2025-07-06,13.5245
2025-07-07,13.4921
2025-07-08,14.0137
2025-07-09,14.3381
2025-07-10,15.4798
2025-07-11,14.8331
2025-07-12,15.7001
2025-07-13,15.9678
2025-07-14,15.5734
2025-07-15,16.6064
2025-07-16,17.1434
2025-07-17,17.9143
2025-07-18,17.915
2025-07-19,19.7116
2025-07-20,19.7942
2025-07-21,19.3418
2025-07-22,18.4909
2025-07-23,18.4565
2025-07-24,17.6112
2025-07-25,18.4
2025-07-26,18.855
2025-07-27,18.3914
2025-07-28,17.6858
2025-07-29,17.5949
2025-07-30,17.5248
2025-07-31,16.6331
2025-08-01,15.7832
2025-08-02,16.2386
2025-08-03,16.9233
2025-08-04,16.2614
2025-08-05,16.78
2025-08-06,17.8394
2025-08-07,19.2017
2025-08-08,21.0728
2025-08-09,22.482
2025-08-10,21.9662
2025-08-11,24.0181
2025-08-12,23.6193
2025-08-13,22.7652
2025-08-14,21.5893
2025-08-15,22.004
2025-08-16,26.2946
2025-08-17,25.378
2025-08-18,24.2808
2025-08-19,25.9483
2025-08-20,25.0887
2025-08-21,26.4636
2025-08-22,26.012
2025-08-23,25.5668
2025-08-24,24.4196
2025-08-25,24.1667
2025-08-26,24.2925
2025-08-27,24.7914
2025-08-28,23.4486
2025-08-29,23.4142
2025-08-30,23.7734
2025-08-31,22.797
2025-09-01,22.8493
2025-09-02,23.8059
2025-09-03,22.4835
2025-09-04,22.2385
2025-09-05,22.0639
2025-09-06,22.4038
2025-09-07,23.2066
2025-09-08,22.9335
2025-09-09,23.6759
2025-09-10,23.5148
2025-09-11,24.4892
2025-09-12,24.8344
2025-09-13,24.0427
2025-09-14,23.1729
2025-09-15,23.4591
2025-09-16,22.9646
2025-09-17,24.4605
2025-09-18,23.6044
2025-09-19,23.4265
2025-09-20,23.0892
2025-09-21,21.1961
2025-09-22,21.8589
2025-09-23,21.768
2025-09-24,20.8827
2025-09-25,20.5913
2025-09-26,20.9525
2025-09-27,20.9807
2025-09-28,21.3915
2025-09-29,21.1003
2025-09-30,22.3986
2025-10-01,22.4189
2025-10-02,22.7147
2025-10-03,21.8371
2025-10-04,22.4685
2025-10-05,22.8272
2025-10-06,21.9972
2025-10-07,21.9971
2025-10-08,21.501
2025-10-09,21.3757
2025-10-10,17.9729
2025-10-11,18.7783
2025-10-12,19.7412
2025-10-13,19.0424
2025-10-14,18.1303
2025-10-15,17.6681
2025-10-16,16.6223
2025-10-17,16.7861
2025-10-18,17.4045
2025-10-19,18.7655
2025-10-20,18.8068
2025-10-21,17.4793
2025-10-22,17.4104
2025-10-23,17.5605
2025-10-24,17.9895
2025-10-25,18.3327
2025-10-26,18.4127
2025-10-27,18.3841
2025-10-28,18.0202
2025-10-29,16.9025
2025-10-30,17.2872
2025-10-31,17.2546
2025-11-01,17.1374
2025-11-02,15.3006
2025-11-03,15.1125
2025-11-04,15.1018
2025-11-05,14.4702
2025-11-06,15.0301
2025-11-07,15.212
2025-11-08,15.8274
2025-11-09,16.0872
2025-11-10,15.7975
2025-11-11,15.3723
2025-11-12,15.3204
2025-11-13,14.2968
2025-11-14,14.1763
2025-11-15,13.7849
2025-11-16,13.7138
2025-11-17,13.7131
2025-11-18,13.0197
2025-11-19,13.4218
2025-11-20,11.916
2025-11-21,11.925
2025-11-22,12.6802
2025-11-23,12.6198
2025-11-24,12.7375
2025-11-25,12.8774
2025-11-26,13.4647
2025-11-27,13.421
2025-11-28,13.1745
2025-11-29,13.2462
2025-11-30,12.0012
2025-12-01,13.2936
2025-12-02,14.3917
2025-12-03,14.4802
2025-12-04,13.9424
2025-12-05,13.8203
2025-12-06,13.6091
2025-12-07,13.7404
2025-12-08,14.4019
2025-12-09,14.0223
2025-12-10,13.5204
2025-12-11,13.5334
2025-12-12,13.8189
2025-12-13,13.4724
2025-12-14,12.7842
2025-12-15,13.0401
2025-12-16,12.5691
2025-12-17,12.6338
2025-12-18,12.4668
2025-12-19,12.6116
2025-12-20,12.3302
2025-12-21,12.8071
2025-12-22,12.2881
2025-12-23,12.185
2025-12-24,12.3696
2025-12-25,12.1744
2025-12-26,12.3161
2025-12-27,12.5195
2025-12-28,12.4071
2025-12-29,12.5273
2025-12-30,12.3953
2025-12-31,12.3891
2026-01-01,13.0786
2026-01-02,13.0643
2026-01-03,13.4893
2026-01-04,13.7239
2026-01-05,13.995
2026-01-06,13.3722
2026-01-07,13.301
2026-01-08,13.2894
2026-01-09,13.1602
2026-01-10,13.2061
2026-01-11,13.2523
2026-01-12,13.5798
2026-01-13,14.2276
2026-01-14,13.961
2026-01-15,13.487
2026-01-16,13.8839
2026-01-17,13.7753
2026-01-18,12.7709
2026-01-19,12.4382
2026-01-20,12.4353
2026-01-21,12.2271
2026-01-22,12.2536
2026-01-23,12.1559
2026-01-24,11.9673
2026-01-25,11.9185
2026-01-26,11.995
2026-01-27,11.7712
2026-01-28,11.0387
2026-01-29,10.7701
2026-01-30,10.0482
2026-01-31,9.546
2026-02-01,9.9265
2026-02-02,9.7512
2026-02-03,9.2081
2026-02-04,8.4823
2026-02-05,8.573
2026-02-06,8.8201
2026-02-07,8.8793
2026-02-08,8.716
2026-02-09,8.5751
2026-02-10,8.2386
2026-02-11,8.3494
2026-02-12,8.7089
2026-02-13,9.0365
2026-02-14,8.8673
2026-02-15,8.7103
2026-02-16,8.7738
2026-02-17,8.8023
2026-02-18,8.4393
2026-02-19,8.8271
2026-02-20,8.9423
2026-02-21,8.7105
2026-02-22,8.4159
2026-02-23,8.2174
2026-02-24,9.2778
2026-02-25,9.1181
2026-02-26,8.819
2026-02-27,8.4333
2026-02-28,8.9147
2026-03-01,9.1084
2026-03-02,8.7478
2026-03-03,9.5018
2026-03-04,9.2303
2026-03-05,8.7924
2026-03-06,8.7527
2026-03-07,8.5715
2026-03-08,8.925
2026-03-09,9.1336
2026-03-10,8.9935
2026-03-11,9.0368
2026-03-12,9.263
2026-03-13,9.0035
2026-03-14,9.1541
2026-03-15,9.7183
2026-03-16,9.8018
2026-03-17,9.2092
2026-03-18,8.9626
2026-03-19,9.0255
2026-03-20,9.1041
2026-03-21,8.7965
2026-03-22,9.0446
2026-03-23,9.1177
2026-03-24,9.3629
2026-03-25,8.9326
2026-03-26,8.6126
2026-03-27,8.6392
2026-03-28,8.426
2026-03-29,8.826
2026-03-30,8.6249
2026-03-31,9.005
2026-04-01,8.5657
2026-04-02,8.6946
2026-04-03,8.6857
2026-04-04,8.5944
2026-04-05,9.0848
2026-04-06,8.6192
2026-04-07,9.0307
2026-04-08,8.9419
2026-04-09,9.0535
2026-04-10,9.0261
2026-04-11,8.7176
2026-04-12,8.8229
2026-04-13,9.1305
2026-04-14,9.1633
2026-04-15,9.4533
2026-04-16,9.7532
2026-04-17,9.3855
2026-04-18,9.2839
2026-04-19,9.2647
2026-04-20,9.4157
2026-04-21,9.49
2026-04-22,9.3455
2026-04-23,9.3724
2026-04-24,9.3471
2026-04-25,9.492
2026-04-26,9.1858
2026-04-27,9.228
2026-04-28,9.0976
2026-04-29,9.1338
2026-04-30,9.228
2026-05-01,9.162
2026-05-02,9.1574
2026-05-03,9.4185
2026-05-04,9.722
2026-05-05,10.0375
2026-05-06,9.868
2026-05-07,10.0915
2026-05-08,10.336
2026-05-09,10.6228
2026-05-10,10.5849
2026-05-11,10.1565
2026-05-12,10.0672
2026-05-13,10.6374
2026-05-14,10.029
2026-05-15,9.7057
2026-05-16,9.7158
2026-05-17,9.4252
2026-05-18,9.4817
2026-05-19,9.6299
2026-05-20,9.6471
2026-05-21,9.8119
2026-05-22,9.32
2026-05-23,9.4322
2026-05-24,9.6014
2026-05-25,9.478
2026-05-26,9.4261
2026-05-27,8.8983
2026-05-28,9.0589
2026-05-29,9.196
2026-05-30,9.0955
2026-05-31,8.9132
2026-06-01,8.5814
2026-06-02,8.4001
2026-06-03,8.0383
2026-06-04,7.3004
2026-06-05,7.3815
2026-06-06,7.7256
2026-06-07,8.0261
2026-06-08,7.7235
2026-06-09,7.8083
2026-06-10,7.7523
2026-06-11,7.8026
2026-06-12,8.0173
2026-06-13,7.8277
2026-06-14,8.5473
2026-06-15,8.185
2026-06-16,8.3032
2026-06-17,7.8029
2026-06-18,7.9261
2026-06-19,7.9592
2026-06-20,7.9914
2026-06-21,7.9859
2026-06-22,7.6648
2026-06-23,7.4019
2026-06-24,7.2187
2026-06-25,7.3378
2026-06-26,7.4528
2026-06-27,7.3172
2026-06-28,7.3271
2026-06-29,7.1633
2026-06-30,7.413
2026-07-01,7.7825
2026-07-02,7.8454
2026-07-03,8.0815
2026-07-04,7.9547
2026-07-05,8.0216
2026-07-06,7.9967
2026-07-07,7.5573
2026-07-08,7.7007
2026-07-09,7.9195
2026-07-10,8.0644
2026-07-11,8.064
2026-07-12,7.9385
2026-07-13,8.2999
2026-07-14,8.5523
2026-07-15,8.445
2026-07-16,8.1682
2026-07-17,8.2764
2026-07-18,8.359
2026-07-19,8.5547
2026-07-20,8.687
2026-07-21,8.6878
2026-07-22,8.4956
2026-07-23,8.3733
2026-07-24,8.3905
2026-07-25,8.5968
2026-07-26,8.5771
2026-07-27,8.3856
2026-07-28,8.269
2026-07-29,8.4829
2026-07-30,8.1119
2026-07-31,8.1068
2026-08-01,8.2715
2026-08-02,8.2474
2026-08-03,8.201
2026-08-04,8.1216
2026-08-05,8.2168
2026-08-06,8.2738
2026-08-07,8.339
2026-08-08,8.3513
2026-08-09,8.303
2026-08-10,8.561
2026-08-11,8.7732
2026-08-12,8.7421
2026-08-13,8.8492
2026-08-14,9.5062
2026-08-15,9.388
2026-08-16,9.5301
2026-08-17,9.4809
2026-08-18,9.9201
2026-08-19,10.712
2026-08-20,11.5232
2026-08-21,11.6091
2026-08-22,11.4551
2026-08-23,11.5727
2026-08-24,11.5861
2026-08-25,11.2362
2026-08-26,11.9286
2026-08-27,11.5695
2026-08-28,11.3915
2026-08-29,11.5656
2026-08-30,11.3944
2026-08-31,11.4283
2026-09-01,11.0825
2026-09-02,11.776
2026-09-03,11.6585
2026-09-04,11.9341
2026-09-05,12.2145
2026-09-06,12.8725
2026-09-07,12.6843
2026-09-08,11.9915
2026-09-09,11.6304
2026-09-10,11.7125
2026-09-11,11.5863
2026-09-12,11.2636
2026-09-13,11.4549
2026-09-14,11.2692
2026-09-15,10.6877
2026-09-16,11.3713
2026-09-17,12.1564
2026-09-18,12.2829
